{"cameraMode":{"drawMode":0,"name":"Shaded","section":"Shading Mode"},"sceneLighting":false,"audioPlay":false,"sceneViewState":{"m_AlwaysRefresh":false,"showFog":true,"showSkybox":false,"showFlares":true,"showImageEffects":true,"showParticleSystems":true,"showVisualEffectGraphs":true,"m_FxEnabled":true},"in2DMode":false,"pivot":{"x":103.48392486572266,"y":6.139999866485596,"z":20.321687698364259},"rotation":{"x":0.22497287392616273,"y":-0.2048696130514145,"z":0.048447154462337497,"w":0.9513576030731201},"size":1.7320507764816285,"orthographic":false}